History of Magic,Flying
5.176365557520403,5.176365557520403
