History of Magic,Flying
4.216717234830085,4.216717234830085
