Astronomy,Herbology,Ancient Runes
-1.8574565299026256,-1.8574565299026256,-1.8574565299026256
