Astronomy,Herbology,Ancient Runes
-1.567447994159393,-1.567447994159393,-1.567447994159393
