Astronomy,Herbology,Ancient Runes
-1.8433820340621516,-1.8433820340621516,-1.8433820340621516
