Astronomy,Herbology,Muggle Studies
0.8860870406470344,0.8860870406470344,0.8860870406470344
