Astronomy,Herbology,Muggle Studies
0.8777799922172556,0.8777799922172556,0.8777799922172556
