Divination,Charms,Flying
-3.4783876027614364,-3.4783876027614364,-3.4783876027614364
