History of Magic,Flying
5.743941515158126,5.743941515158126
