History of Magic,Flying
70.14278589122176,70.14278589122176
