History of Magic,Flying
97.4842850282061,97.4842850282061
