Astronomy,Herbology,Muggle Studies
90.5165399327738,90.5165399327738,90.5165399327738
