Divination,Charms,Flying
-49.11501514048549,-49.11501514048549,-49.11501514048549
