Divination,Charms,Flying
-24.722319762279014,-24.722319762279014,-24.722319762279014
