Astronomy,Herbology,Muggle Studies
0.903590119937322,0.903590119937322,0.903590119937322
