Charms,Flying
-4.007691646536581,-4.007691646536581
