History of Magic,Flying
3.522518633725318,3.522518633725318
