Astronomy,Herbology,Ancient Runes
-0.8306701399051785,-0.8306701399051785,-0.8306701399051785
