Astronomy,Herbology,Muggle Studies
0.9437577091328173,0.9437577091328173,0.9437577091328173
