Divination,Charms,Flying
-3.475379016610357,-3.475379016610357,-3.475379016610357
