theta0,theta1,learning_rate
8490.011649515061,-0.02144896359170226,0.03
