theta0,theta1,learning_rate
8489.925068831619,-0.021448963591702296,0.03
